{
    "doom": {
        "themes": {
            "e1_techbase": {
                "description": "Le style de la base high-tech du premier épisode de Doom.",
                "textures": [ "TEKWALL1", "TEKWALL2", "TEKWALL3", "TEKWALL4", "STARG1", "STARG2", "METAL", "METAL1", "SUPPORT2", "SUPPORT3", "COMPTALL", "PIPE1", "PIPE2" ],
                "flats": [ "FLOOR0_1", "FLOOR0_2", "FLOOR0_3", "FLAT5_1", "FLAT5_2", "FLAT5_3", "FLAT5_4", "CEIL1_1", "CEIL1_2" ],
                "things": [ 3004, 9, 3001, 3002, 58, 2035 ],
                "music": [ "D_E1M1", "D_E1M2", "D_E1M3", "D_E1M4", "D_E1M5", "D_E1M6", "D_E1M7", "D_E1M8" ]
            },
            "e2_hellish_shore": {
                "description": "Le style des rivages de l'enfer du deuxième épisode, mélange de pierre et de corruption.",
                "textures": [ "MARBLE1", "MARBLE2", "MARBLE3", "SKIN2", "SKINEDGE", "GSTGARG", "GSTONE1", "GSTONE2", "SHAWN1", "SHAWN2" ],
                "flats": [ "FLAT1", "FLAT2", "FLAT3", "FLAT4", "SFLR6_1", "SFLR7_1", "LAVA1", "LAVA2", "LAVA3", "LAVA4" ],
                "things": [ 3005, 3006, 3003, 3002, 58 ],
                "music": [ "D_E2M1", "D_E2M2", "D_E2M3", "D_E2M4", "D_E2M5", "D_E2M6", "D_E2M7", "D_E2M8" ]
            },
            "e3_inferno": {
                "description": "Le style de l'enfer pur du troisième épisode, organique et impie.",
                "textures": [ "SKULWALL", "SKINSYMB", "FIREWALL", "FIREBLU1", "BROWN1", "BROWN96", "WOODSKUL", "REDWALL" ],
                "flats": [ "FLAT5_8", "BLOOD1", "BLOOD2", "BLOOD3", "DEM1_1", "DEM1_2" ],
                "things": [ 3003, 7, 16, 3005, 3006 ],
                "music": [ "D_E3M1", "D_E3M2", "D_E3M3", "D_E3M8" ]
            },
            "metal": {
                "description": "Thème industriel, bases métalliques, structures rouillées ou high-tech.",
                "textures": [ "METAL", "METAL1", "SUPPORT2", "SUPPORT3", "BIGDOOR2", "STARG1", "DOORTRAK", "PIPE1", "PIPE2", "PIPE4", "PIPE6" ],
                "flats": [ "FLAT5_1", "FLAT5_2", "FLAT5_3", "FLAT5_4", "CEIL3_5", "CEIL3_6" ],
                "things": [ 2035, 48 ],
                "music": [ "D_E1M1", "D_E1M7" ]
            },
            "stone": {
                "description": "Thème de donjon, murs en pierre et en briques.",
                "textures": [ "STONE", "STONE2", "STONE3", "GSTONE1", "GSTONE2", "GSTGARG", "CEMENT1", "CEMENT2", "CEMENT3", "CEMENT4", "CEMENT5", "CEMENT6" ],
                "flats": [ "FLAT1", "FLAT14", "FLAT23", "STEP1", "STEP2" ],
                "things": [ 35, 30, 32, 3001, 3002 ],
                "music": [ "D_E2M1", "D_E2M6" ]
            },
            "hell": {
                "description": "Thème démoniaque, avec de la chair, des os, du marbre impie et de la lave.",
                "textures": [ "MARBLE1", "MARBLOD1", "FIRELAVA", "SLADWALL", "SKULWALL", "SKINSYMB", "SP_FACE1", "SKIN2", "SKINFACE", "FIREBLU1", "FIREWALL" ],
                "flats": [ "LAVA1", "LAVA2", "LAVA3", "LAVA4", "BLOOD1", "BLOOD2", "BLOOD3", "SFLR6_1" ],
                "things": [ 3003, 3005, 3006, 7, 16, 28, 29, 36, 37, 3001, 3002, 58 ],
                "music": [ "D_E2M7", "D_E3M8", "D_E3M2" ]
            },
            "wood": {
                "description": "Thème boisé, structures en bois, lambris.",
                "textures": [ "WOOD1", "WOOD3", "WOOD4", "WOOD5", "WOODGARG", "WOODSKUL", "CRATE1", "CRATE2" ],
                "flats": [ "FLOOR0_1", "FLOOR0_2", "CRATOP1", "CRATOP2" ],
                "things": [],
                "music": [ "D_E1M3" ]
            },
            "computer": {
                "description": "Panneaux de contrôle, ordinateurs et équipements high-tech.",
                "textures": [ "COMPTALL", "COMPUTE1", "COMPUTE2", "COMPUTE3", "SW1COMP", "SW2COMP", "TEKWALL1", "TEKWALL2", "TEKWALL3", "TEKWALL4" ],
                "flats": [ "COMP01" ],
                "things": [ 2026 ],
                "music": [ "D_E1M7" ]
            },
            "gore": {
                "description": "Éléments sanglants, démembrés et macabres.",
                "textures": [ "BLODGR1", "BLODGR2", "BLODGR3", "BLODGR4", "BLODRIP1", "BLODRIP2", "SKINCUT", "SP_DUDE1" ],
                "flats": [ "BLOOD1", "BLOOD2", "BLOOD3" ],
                "things": [ 10, 12, 18, 19, 21, 22, 25, 26, 49, 50, 51, 52, 59, 60, 61, 62, 63 ],
                "music": []
            }
        }
    },
    "doom2": {
        "themes": {
            "metal": {
                "textures": [ "METAL", "METAL1", "METAL2", "METAL3", "METAL4", "METAL5", "SUPPORT2", "SUPPORT3", "BIGDOOR2", "STARG1", "DOORTRAK", "SILVER1", "TEKBRON1", "TEKBRON2" ],
                "flats": [ "MFLR8_1", "MFLR8_2", "MFLR8_3", "MFLR8_4", "CEIL3_5", "CEIL3_6", "SFLR7_1", "SFLR7_4", "PLAT1" ],
                "things": [ 2035, 72, 85, 86, 68 ],
                "music": [ "D_SHAWN", "D_DDTBLU", "D_IN_CIT" ]
            },
            "stone": {
                "textures": [ "STONE", "STONE2", "STONE3", "STONE4", "STONE5", "STONE6", "BSTONE1", "BSTONE2", "BSTONE3", "BRICK1", "BRICK2", "BRICK3", "BRICK4", "BRICK5", "BRICK6", "BRICK7", "BRICK8", "BRICK9", "BRICK10", "BRICK11", "BRICK12", "BIGBRIK1", "BIGBRIK2", "BIGBRIK3", "MARBGRAY", "GSTGARG", "GSTLION" ],
                "flats": [ "FLAT1", "FLAT14", "FLAT23", "DEM1_1", "DEM1_2", "STEP1", "STEP2" ],
                "things": [ 30, 32, 27, 34, 3001, 3002 ],
                "music": [ "D_STALKS", "D_BETWEE" ]
            },
            "hell": {
                "textures": [ "MARBLE1", "MARBLOD1", "MARBFAC4", "FIRELAVA", "SLADWALL", "DBRAIN1", "ASHWALL2", "SP_FACE1", "SP_FACE2" ],
                "flats": [ "LAVA1", "LAVA2", "LAVA3", "LAVA4", "BLOOD1", "BLOOD2", "BLOOD3", "SFLR6_1", "SFLR6_4", "DEM1_5", "DEM1_6" ],
                "things": [ 3003, 3005, 71, 28, 29, 36, 37, 66, 64, 69, 16, 7, 3006 ],
                "music": [ "D_COUNTD", "D_THE_DA", "D_ROMERO", "D_EVIL" ]
            },
            "organic": {
                "textures": [ "SKIN2", "SKINFACE", "SKINSYMB", "SKINCUT", "BROWNGRN", "ASHWALL6" ],
                "flats": [ "SFLR6_1", "SFLR6_4", "BLOOD1", "BLOOD2", "BLOOD3" ],
                "things": [ 25, 26, 73, 74, 75, 76, 77, 78, 71 ],
                "music": [ "D_THE_DA" ]
            },
            "wood": {
                "textures": [ "WOOD1", "WOOD3", "WOOD4", "WOOD5", "WOOD6", "WOOD7", "WOOD8", "WOOD9", "WOOD10", "WOOD12", "WOODVERT", "WOODMET1", "PANBOOK", "BRONZE1", "BRONZE2" ],
                "flats": [ "FLOOR0_1", "FLOOR0_2", "RROCK14", "RROCK15" ],
                "things": [],
                "music": [ "D_DOOM" ]
            },
            "tech": {
                "textures": [ "TEKWALL1", "TEKWALL4", "TEKWALL6", "COMPBLUE", "COMPTALL", "PANEL1", "PANEL2", "PANEL3", "PANEL4", "PANEL5", "PANEL6", "PANEL7", "PANEL8", "PANEL9", "SPCDOOR1", "SPCDOOR2", "TEKGREN1", "TEKGREN2", "TEKLITE", "TEKLITE2", "STARG1", "STARG2" ],
                "flats": [ "COMP01", "MFLR8_1", "MFLR8_2", "GRNLITE1", "TLITE6_1", "TLITE6_4" ],
                "things": [ 85, 86, 72, 68, 16, 64, 2026, 67, 65 ],
                "music": [ "D_SHAWN", "D_IN_CIT", "D_DDTBLU" ]
            },
            "urban": {
                "textures": [ "BRICK1", "BRICK2", "BRICK3", "BRICK4", "BRICK5", "BRICK6", "BRICK7", "BRICK8", "BRICK9", "BRICK10", "BRICK11", "BRICK12", "CEMENT1", "CEMENT3", "CEMENT4", "CEMENT6", "CEMENT9", "BRWINDOW" ],
                "flats": [ "FLAT1", "FLAT14", "FLAT23", "STEP1", "STEP2" ],
                "things": [ 2035, 2028, 3004, 9, 65 ],
                "music": [ "D_IN_CIT", "D_RUNNIN" ]
            },
            "wasteland": {
                "textures": [ "ROCK1", "ROCK2", "ROCK3", "ROCK4", "ROCK5", "TANROCK2", "TANROCK3", "TANROCK4", "SLOPPY1", "SLOPPY2", "SKY1", "SKY2", "SKY3" ],
                "flats": [ "RROCK01", "RROCK02", "RROCK03", "RROCK04", "RROCK05", "RROCK06", "RROCK07", "RROCK08", "GRASS1", "GRASS2", "F_SKY1" ],
                "things": [ 43, 70 ],
                "music": [ "D_STALKS", "D_OPENIN" ]
            },
            "liquid": {
                "textures": [ "BFALL1", "BFALL2", "BFALL3", "BFALL4", "SFALL1", "SFALL2", "SFALL3", "SFALL4", "FIRELAVA", "SLADPOIS" ],
                "flats": [ "LAVA1", "LAVA2", "LAVA3", "LAVA4", "NUKAGE1", "NUKAGE2", "NUKAGE3", "SLIME01", "SLIME02", "SLIME03", "SLIME04", "FWATER1", "FWATER2", "FWATER3", "FWATER4" ],
                "things": [],
                "music": [ "D_BETWEE" ]
            },
            "sky": {
                "textures": [ "SKY1", "SKY2", "SKY3" ],
                "flats": [ "F_SKY1" ],
                "music": [ "D_OPENIN" ]
            },
            "gore": {
                "textures": [ "BLODRIP1", "BLODRIP2", "SLADSKUL" ],
                "flats": [ "BLOOD1", "BLOOD2", "BLOOD3" ],
                "things": [ 10, 12, 18, 19, 21, 22, 25, 26, 73, 74, 75, 76, 77, 78 ]
            },
            "corrupted": {
                "textures": [ "SKINSYMB", "MARBLOD1", "BLODRIP1", "BLODRIP2", "SLADSKUL", "SP_DUDE1", "SP_FACE1" ],
                "flats": [ "BLOOD1", "BLOOD2", "BLOOD3" ],
                "things": [ 71, 3003, 3005, 3006, 64 ],
                "music": [ "D_ROMERO", "D_EVIL" ]
            },
            "decayed": {
                "textures": [ "AASHITTY", "ZIMMER1", "ZIMMER2", "ZIMMER4", "SLOPPY1", "SLOPPY2", "BRNPOIS" ],
                "flats": [ "SLIME05", "SLIME06", "SLIME07", "SLIME08" ],
                "things": [ 25, 26, 73, 74 ],
                "music": [ "D_STALKS" ]
            },
            "computer": {
                "textures": [ "COMPTALL", "COMPBLUE", "SW1COMP", "SW2COMP", "TEKGREN1", "TEKGREN2", "TEKGREN5" ],
                "flats": [ "COMP01" ],
                "things": [ 2026 ],
                "music": [ "D_SHAWN" ]
            },
            "marble": {
                "textures": [ "MARBLE1", "MARBGRAY", "MARBFAC2", "MARBFAC3", "MARBFAC4" ],
                "flats": [ "MFLR8_1", "MFLR8_2" ],
                "music": [ "D_EVIL" ]
            }
        }
    },
    "heretic": {
        "themes": {
            "castle": {
                "textures": [ "CASTLE1", "CASTLE2", "CASTLE3", "CASTLE4", "CASTLE5", "CASTLE6", "CASTLE7", "BRICK01", "BRICK02", "STONE01", "STONE02", "WOOD01", "WOOD02", "GLASS01", "GLASS02" ],
                "flats": [ "FLAT01", "FLAT02", "FLOOR08", "FLOOR09", "CEIL01", "CEIL02" ],
                "things": [ 28, 76, 47, 29, 68, 66, 64 ],
                "music": [ "MUS_E1M1", "MUS_E1M2", "MUS_E1M3" ]
            },
            "volcanic_hellish": {
                "textures": [ "LAVA01", "LAVA02", "LAVA03", "LAVA04", "ROCK01", "ROCK02", "ROCK03", "SNAKE01", "SNAKE02" ],
                "flats": [ "LAVA01", "LAVA02", "LAVA03", "LAVA04", "MFLR01", "MFLR02" ],
                "things": [ 9, 5, 66, 70, 6, 15 ],
                "music": [ "MUS_E1M8", "MUS_E2M4" ]
            },
            "swamp_mossy": {
                "textures": [ "MOSS01", "MOSS02", "MOSS03", "MOSS04", "VINE01", "VINE02", "VINE03", "SLIME01", "SLIME02" ],
                "flats": [ "GRASS01", "GRASS02", "SLIME01", "SLIME02", "SLIME03", "SLIME04", "MFLR05", "MFLR06" ],
                "things": [ 48, 49, 90 ],
                "music": [ "MUS_E1M4", "MUS_E2M6" ]
            },
            "magic_wizard": {
                "textures": [ "WIZWALL1", "WIZWALL2", "WIZWALL3", "WIZWALL4", "STAR01", "STAR02", "BRASS1" ],
                "flats": [ "CEIL05", "CEIL06", "CEIL07", "FLAT17", "FLAT18" ],
                "things": [ 6, 15, 86, 92 ],
                "music": [ "MUS_E1M9", "MUS_E2M2" ]
            },
            "crypt_undead": {
                "textures": [ "SNAKE01", "SNAKE02", "SNAKE03", "SNAKE04", "SNAKE05", "WALL09", "WALL10", "CEMENT01", "CEMENT02" ],
                "flats": [ "FLAT05", "FLAT06", "FLAT07", "MFLR01", "MFLR02", "MFLR03", "MFLR04" ],
                "things": [ 64, 65, 6, 51, 17, 24, 25, 26 ],
                "music": [ "MUS_E1M6", "MUS_E2M7" ]
            },
            "stone": {
                "textures": [ "STONE01", "STONE02", "STONE03", "STONE04", "STONE05", "STONE06", "STONE07", "STONE08", "STONE09", "STONE10", "STONE11", "STONE12", "STONE13", "STONE14", "BRICK01", "BRICK02", "BRICK03", "BRICK04", "BRICK05", "BRICK06", "BRICK07", "BRICK08", "BRICK09", "BRICK10", "CEMENT01", "CEMENT02", "CEMENT03", "CEMENT04", "CEMENT05" ],
                "flats": [ "FLAT01", "FLOOR08", "FLOOR09", "FLOOR10", "MARB01", "MARB02" ],
                "things": [ 29, 47, 37, 38, 39, 40 ],
                "music": [ "MUS_E1M1", "MUS_E1M2" ]
            },
            "wood": {
                "textures": [ "WOOD01", "WOOD02", "WOOD03", "WOOD04", "WOOD05", "WOOD06", "WOOD07", "WOOD08", "WOOD09", "WOOD10", "WOOD11", "WOOD12" ],
                "flats": [ "FLAT02", "FLAT03", "FLAT04" ],
                "things": [ 44 ],
                "music": [ "MUS_E1M3" ]
            },
            "liquid": {
                "textures": [ "LAVA01", "LAVA02", "LAVA03", "LAVA04", "WATER01", "WATER02", "WATER03", "SLIME01", "SLIME02" ],
                "flats": [ "LAVA01", "LAVA02", "LAVA03", "LAVA04", "WATER01", "WATER02", "WATER03", "WATER04", "SLIME01", "SLIME02", "SLIME03", "SLIME04" ]
            },
            "tapestry": { "textures": [ "SNAKE01", "SNAKE02", "SNAKE03", "SNAKE04", "SNAKE05", "STAR01", "STAR02" ] },
            "marble": {
                "textures": [ "MARB01", "MARB02", "MARB03", "MARB04" ],
                "flats": [ "MARB01", "MARB02" ],
                "music": [ "MUS_E2M2" ]
            }
        }
    },
    "hexen": {
        "themes": {
            "fortress_decayed": {
                "textures": [ "CASTLE01", "CASTLE02", "CASTLE03", "CASTLE04", "CASTLE05", "CASTLE06", "CASTLE07", "STONE01", "STONE02", "STONE03", "RUST01", "RUST02", "RUST03", "WOOD01", "WOOD02", "WOOD03", "SUPPORT1", "SUPPORT2", "SUPPORT3" ],
                "flats": [ "FLOOR01", "FLOOR02", "FLOOR03", "FLOOR04", "FLOOR05", "FLOOR06", "FLAT01", "FLAT02" ],
                "things": [ 10030, 107, 115, 8100, 8064, 8067 ],
                "music": [ "WINNOWR", "JACHR", "LEVELR" ]
            },
            "swamp": {
                "textures": [ "MOSS01", "MOSS02", "MOSS03", "MOSS04", "WOOD04", "WOOD05", "WOOD06" ],
                "flats": [ "SWAMP01", "SWAMP02", "SWAMP03", "SWAMP04", "MUD01", "GRASS01", "GRASS02" ],
                "things": [ 121, 120, 24, 25, 60, 88, 34 ],
                "music": [ "SWAMPR", "DEEPR" ]
            },
            "ice_frozen": {
                "textures": [ "ICE01", "ICE02", "ICE03", "ICE04", "ICE05", "CRYSTAL1" ],
                "flats": [ "ICE01", "ICE02", "ICE03", "ICE04" ],
                "things": [ 93, 94, 95, 96, 89, 90, 91, 92, 73, 76, 8020 ],
                "music": [ "FALCONR", "WUTZITR" ]
            },
            "chapel_tapestry": {
                "textures": [ "STAINED1", "STAINED2", "STAINED3", "GLASS01", "GLASS02", "GLASS03", "TAP01", "TAP02", "TAP03", "TAP04", "TAP05", "TAP06", "TAP07", "MARBLE01", "MARBLE02", "MARBLE03" ],
                "flats": [ "FLOOR20", "FLOOR21", "FLOOR22", "FLOOR23", "FLOOR24", "FLOOR25" ],
                "things": [ 114, 8065, 8061, 119 ],
                "music": [ "CHAP_1R", "SIMONR" ]
            },
            "demon_lava": {
                "textures": [ "DEMON_A1", "DEMON_B1", "LAVA1", "FIREBAK1", "FLAME_A1", "FLAME_B1", "MARBLE05", "MARBLE06", "MARBLE07" ],
                "flats": [ "LAVA01", "FLAT15", "FLAT16", "FLAT17", "FLAT18", "CEILING5", "CEILING6" ],
                "things": [ 10060, 8080, 31, 10080, 10200, 10100, 10101, 10102 ],
                "music": [ "VOIDR", "FOOJAR", "FUBASR" ]
            },
            "stone": {
                "textures": [ "STONE01", "STONE02", "STONE03", "STONE04", "STONE05", "STONE06", "STONE07", "STONE08", "STONE09", "STONE10", "STONE11", "STONE12", "BOLDER01", "CAVE01", "CAVE02", "CAVE03", "CAVE04", "CAVE05" ],
                "flats": [ "FLOOR01", "FLOOR02", "FLOOR03", "FLOOR04", "FLOOR05", "FLOOR06" ],
                "things": [ 48, 49, 50, 51, 52, 56, 57 ],
                "music": [ "LEVELR" ]
            },
            "wood": {
                "textures": [ "WOOD01", "WOOD02", "WOOD03", "WOOD04", "WOOD05", "WOOD06", "WOOD07", "WOOD08", "WOODGARG", "WOODMET1", "WOODMET2", "WOODMET3" ],
                "flats": [ "FLAT03", "FLAT04" ],
                "things": [ 8100, 24, 25, 28, 29, 60 ],
                "music": [ "JACHR" ]
            },
            "metal": {
                "textures": [ "METAL01", "METAL02", "METAL03", "METAL04", "METAL05", "METAL06", "RUST01", "RUST02", "RUST03", "BRASS01", "BRASS_A1" ],
                "flats": [ "FLAT09", "FLAT10", "FLAT11", "FLAT12", "FLAT13", "FLAT14" ],
                "things": [ 8064, 8067, 8065 ],
                "music": [ "PERCR" ]
            },
            "liquid": {
                "textures": [ "LAVA1", "FWATER01", "FWATER02", "FWATER03", "FWATER04", "WATER01", "WATER02", "WATER03", "WATER04", "WATER05", "WATER06" ],
                "flats": [ "LAVA01", "MUD01", "SWAMP01", "SWAMP02", "SWAMP03", "SWAMP04", "WATER01", "WATER02", "WATER03", "WATER04", "WATER05", "WATER06" ],
                "music": [ "SWAMPR" ]
            }
        }
    }
}