{
    "doom": {
        "door": { "textures": [ "BIGDOOR1", "BIGDOOR2", "BIGDOOR3", "BIGDOOR4", "BIGDOOR5", "BIGDOOR6", "BIGDOOR7", "DOOR1", "DOOR3" ] },
        "door_blue": { "textures": [ "DOORBLU", "DOORBLU2" ] },
        "door_red": { "textures": [ "DOORRED", "DOORRED2" ] },
        "door_yellow": { "textures": [ "DOORYEL", "DOORYEL2" ] },
        "door_exit": { "textures": [ "EXITDOOR" ] },
        "switch": { "textures": [ "SW1BROWN", "SW1GARG", "SW1METAL", "SW1PIPE", "SW1SKIN", "SW1VINE", "SW2BROWN", "SW2GARG", "SW2METAL", "SW2PIPE", "SW2SKIN", "SW2VINE" ] },
        "switch_key_blue": { "textures": [ "SW1BLUE", "SW2BLUE" ] },
        "switch_key_red": { "textures": [ "SW1GSTON", "SW2GSTON" ] },
        "switch_key_yellow": { "textures": [ "SW1GSTON", "SW2GSTON" ] },
        "switch_exit": { "textures": [ "SW1EXIT", "SW2EXIT" ] },
        "light_source_wall": { "textures": [ "LITE2", "LITE3", "LITE4", "LITE5", "LITEBLU1", "LITEBLU2", "LITEBLU3", "LITEBLU4", "LITERED" ] },
        "light_source_flat": { "flats": [ "TLITE6_1", "TLITE6_4", "TLITE6_5", "TLITE6_6" ] },
        "damaging_floor_low": { "flats": [ "NUKAGE1", "NUKAGE2", "NUKAGE3" ] },
        "damaging_floor_high": { "flats": [ "LAVA1", "LAVA2", "LAVA3", "LAVA4" ] },
        "secret_wall": { "textures": [ "SP_DUDE1", "SP_DUDE2", "SP_DUDE3" ] },
        "support": { "textures": [ "SUPPORT2", "SUPPORT3", "PIPE1", "PIPE2", "PIPE4", "PIPE6", "BROWNPIP" ] },
        "panel": { "textures": [ "COMPTALL", "COMPUTE1", "COMPUTE2", "COMPUTE3" ] },
        "border": { "textures": [ "DOORTRAK", "SKINEDGE", "METAL1" ] },
        "grate": { "textures": [ "MIDGRATE" ] },
        "signage": { "textures": [ "EXITSIGN", "SP_FACE1" ] },
        "animated": {
            "textures": [ "FIREBLU1", "FIREBLU2", "FIRELAVA", "FIREWALL" ],
            "flats": [ "NUKAGE1", "NUKAGE2", "NUKAGE3", "LAVA1", "LAVA2", "LAVA3", "LAVA4", "FWATER1", "FWATER2", "FWATER3", "FWATER4" ]
        },
        "monster": { "things": [ 3004, 9, 3001, 3002, 58, 3005, 3006, 3003, 7, 16 ] }
    },
    "doom2": {
        "door": { "textures": [ "BIGDOOR1", "BIGDOOR2", "BIGDOOR3", "BIGDOOR4", "BIGDOOR5", "BIGDOOR6", "BIGDOOR7", "DOOR1", "DOOR3", "SPCDOOR1", "SPCDOOR2", "SPCDOOR3", "SPCDOOR4" ] },
        "door_blue": { "textures": [ "DOORBLU", "DOORBLU2" ] },
        "door_red": { "textures": [ "DOORRED", "DOORRED2" ] },
        "door_yellow": { "textures": [ "DOORYEL", "DOORYEL2" ] },
        "door_exit": { "textures": [ "EXITDOOR" ] },
        "switch": { "textures": [ "SW1BROWN", "SW1METAL", "SW2SKIN", "SW1PANEL", "SW1ROCK", "SW1GSTON", "SW2GSTON", "SW1CMT", "SW1TEK" ] },
        "switch_key_blue": { "textures": [ "SW1BLUE", "SW2BLUE" ] },
        "switch_key_red": { "textures": [ "SW1ZIM", "SW2ZIM" ] },
        "switch_key_yellow": { "textures": [ "SW1ZIM", "SW2ZIM" ] },
        "switch_exit": { "textures": [ "SW1EXIT", "SW2EXIT" ] },
        "light_source_wall": { "textures": [ "LITE3", "LITE5", "LITEBLU1", "LITEBLU4", "TEKLITE", "TEKLITE2", "BRICKLIT" ] },
        "light_source_flat": { "flats": [ "TLITE6_1", "TLITE6_4", "TLITE6_5", "TLITE6_6", "GRNLITE1" ] },
        "damaging_floor_low": { "flats": [ "NUKAGE1", "NUKAGE2", "NUKAGE3" ] },
        "damaging_floor_high": { "flats": [ "LAVA1", "LAVA2", "LAVA3", "LAVA4" ] },
        "secret_wall": { "textures": [ "SP_DUDE1", "SP_DUDE2", "BRICK11", "BIGBRIK3" ] },
        "support": { "textures": [ "SUPPORT2", "SUPPORT3", "PIPE1", "PIPE2", "PIPE4", "PIPE6", "BROWNPIP" ] },
        "panel": { "textures": [ "PANEL1", "PANEL2", "PANEL3", "PANEL4", "PANEL5", "PANEL6", "PANEL7", "PANEL8", "PANEL9", "COMPTALL", "COMPBLUE", "PANBLACK", "PANRED", "MODWALL1" ] },
        "border": { "textures": [ "DOORTRAK", "PANBORD1", "PANBORD2", "SKINEDGE", "SILVER2" ] },
        "grate": {
            "textures": [ "MIDGRATE", "MIDBARS1", "MIDBARS3", "CRATE1", "CRATE2", "CRATELIT" ],
            "flats": [ "CRATOP1", "CRATOP2", "GATE1", "GATE2", "GATE3", "GATE4" ]
        },
        "window": { "textures": [ "BRWINDOW", "MIDSPACE" ] },
        "signage": { "textures": [ "EXITSIGN", "SP_FACE1", "SP_FACE2", "GSTFONT1", "GSTFONT2", "GSTFONT3", "ZZZFACE1", "ZZZFACE2", "DBRAIN1", "DBRAIN2" ] },
        "animated": {
            "textures": [ "BFALL1", "SFALL1", "FIREBLU1", "FIREBLU2", "FIRELAVA", "FIREWALA", "FIREWALL" ],
            "flats": [ "LAVA1", "NUKAGE1", "SLIME01", "FWATER1" ]
        },
        "monster": { "things": [ 3004, 9, 65, 3001, 3002, 58, 3006, 3005, 71, 69, 3003, 68, 66, 67, 64, 7, 16, 88, 87 ] }
    },
    "heretic": {
        "door": { "textures": [ "BIGDOOR1", "BIGDOOR2", "BIGDOOR3", "DOOR01", "DOOR02", "DOOR03", "DOOR04", "DOOR05", "DOOR06", "DOOR07", "DOOR08", "DOOR09", "DOOR10", "DOOR11", "DOOR12", "DOOR13", "DOOR14", "DOOR15", "DOOR16" ] },
        "door_blue": { "textures": [ "DOOR17", "DOOR20" ] },
        "door_yellow": { "textures": [ "DOOR18", "DOOR21" ] },
        "door_green": { "textures": [ "DOOR19", "DOOR22" ] },
        "door_exit": { "textures": [ "EXIT01", "EXIT02" ] },
        "switch": { "textures": [ "SW01", "SW02", "SW03", "SW04", "SW05", "SW06", "SW07", "SW08", "SW09", "SW10", "SW11", "SW12", "SW13", "SW14", "SW15", "SW16", "SW17", "SW18", "SW19", "SW20", "SW21", "SW22", "SW23", "SW24" ] },
        "light_source_wall": { "textures": [ "LITE01", "LITE02", "LITE03", "LITE04", "LITE05" ] },
        "light_source_flat": { "flats": [ "CEIL09", "CEIL10", "CEIL11" ] },
        "damaging_floor_low": { "flats": [ "SLIME01", "SLIME02", "SLIME03", "SLIME04" ] },
        "damaging_floor_high": { "flats": [ "LAVA01", "LAVA02", "LAVA03", "LAVA04" ] },
        "support": { "textures": [ "BRASS1", "MET04", "MET05", "MET06" ] },
        "panel": { "textures": [ "MET01", "MET02", "MET03" ] },
        "window": { "textures": [ "GLASS01", "GLASS02", "GLASS03", "GLASS04", "GLASS05", "GLASS06", "WIND01", "WIND02", "WIND03", "WIND04" ] },
        "border": { "textures": [ "WALL05", "WALL06" ] },
        "animated": { "flats": [ "LAVA01", "WATER01", "SLIME01" ] },
        "monster": { "things": [ 7, 15, 5, 66, 68, 69, 45, 46, 64, 65, 92, 90, 6, 9, 70 ] }
    },
    "hexen": {
        "door": { "textures": [ "BIGDOOR1", "DOOR01", "DOOR02", "DOOR03", "DOOR04", "DOOR05", "DOOR06", "DOOR07", "DOOR08", "DOOR09", "DOOR10", "DOOR11", "DOOR12", "DOOR13", "DOOR14", "GATE01", "GATE02", "GATE03", "GATE04" ] },
        "switch": { "textures": [ "SWITCH01", "SWITCH02", "SWITCH03", "SWITCH04", "SWITCH05", "SWITCH06", "SWITCH07", "SWITCH08" ] },
        "light_source_wall": { "textures": [ "FLAME_A1", "FLAME_B1" ] },
        "light_source_flat": { "flats": [ "CEILING4" ] },
        "damaging_floor_high": { "flats": [ "LAVA01" ] },
        "damaging_floor_low": { "flats": [ "SWAMP01", "SWAMP02", "SWAMP03", "SWAMP04" ] },
        "support": { "textures": [ "SUPPORT1", "SUPPORT2", "SUPPORT3", "SUPPORT4" ] },
        "panel": { "textures": [ "WALL20", "METAL01", "METAL02" ] },
        "border": { "textures": [ "WALL02", "BRASS_A1" ] },
        "window": { "textures": [ "GLASS01", "GLASS02", "GLASS03", "STAINED1", "STAINED2", "STAINED3" ] },
        "animated": { "flats": [ "FWATER01", "LAVA01", "WATER01" ] },
        "monster": { "things": [ 10060, 8080, 31, 107, 114, 254, 10030, 10080, 10200, 10100, 10101, 10102, 34, 115, 121, 120, 8020 ] }
    }
}